ID|Name|DOB|Department|Salary
5385|Bethany Highett|19850301|Sales|295999
5387|Ali Maas|19690927|Marketing|270841
5389|Hayley Bracewell|19581011|HR|58620
5393|Max Kennerley|20420705|Sales|187804
5395|Angus Hannaford|19850302|Sales|243142
5399|Amy Sparks|19830330|HR|119119
5401|Dylan Tebbutt|19850808|Admin|64895
5403|Matthew Head|19760612|Sales|185143
5405|Matthew Victor|19580625|Sales|47314
5407|Indiana Kingsbury|19870520|Marketing|193850
5410|Hugo Lay|19600119|Sales|134744
5412|Benjamin Nemarluk|19820310|Support|135595
5414|Will De Hamel|19790625|Development|279098
27544|Edward Kieran|19631113|Development|66389
27546|Koby Cheeke|19511209|Operations|186135
27548|Kai Kitchen|20360502|Finance|126922
27550|Lola O'Neil|19720723|Sales|34319
27553|Luke Grey|19890630|Sales|74988
27557|Archie Whelan|20340511|Marketing|232246
27559|Isaac Culpin|19940127|HR|270234
27561|Hunter Using|19670128|Admin|230595
27563|Natalie Simcha|19900419|Sales|270276
27565|Caleb Seitz|19520601|Sales|80457
27567|Cameron Provan|19820831|Marketing|151523
27569|Marcus Game|19571206|HR|112700
27571|Lilian Millington|19570703|Admin|198642
27573|Ben Loyau|19870523|Sales|128837
27575|Toby Veitch|19741222|Sales|279471
27577|Jaxon Burn|19761028|Marketing|31131
27579|Zoe Kroemer|19840726|HR|68420
27581|Amelie Flood|19790923|Admin|281536
27583|Thomas Dannevig|19950821|Sales|251922
27585|Jamie Hose|19521104|Sales|252838
27587|Mia Szabados|19671225|Marketing|43334
27589|Indiana Sizer|19960102|HR|83003
27591|Hannah Bungaree|19871026|Admin|259214
27593|Brock Freycinet|19690121|Sales|26141
27595|Brayden Fitzhardinge|20381105|Sales|208152
27597|Isabelle Fison|19920921|Marketing|121821
27599|Bianca Duncombe|20490708|HR|267365
27601|Harry Beardsmore|19551005|Admin|267453
27605|Bailey Loewenthal|19670322|Sales|136092
27607|Brooke Hutchins|19750102|Marketing|146694
27609|Timothy Kenyon|19640123|HR|88082
27611|Molly Bardsley|19580829|Admin|156121
27613|Jordan Brigden|19670224|Sales|38260
27615|Alana Trower|19570325|Sales|106194
27617|Mackenzie Wanliss|19730627|Marketing|38964
27619|Sophia Sinclair-Maclagan|19670802|HR|230748
27621|Cody Watsford|19580616|Admin|134585
27623|Christian Robertson|19530809|Sales|263792
27625|Madeleine Blundstone|19760608|Sales|48806
27627|Isaac Kershaw|20470301|Marketing|238982
27629|Alice Masters|19790606|HR|104964
27631|Alana Groves|19591114|Admin|199010
27635|Lilly Hateley|20450327|Sales|109700
27637|Declan Lawlor|19880911|Marketing|170483
27639|Sam Hansen|19700524|HR|162457
27641|Archie Macknight|19891106|Admin|168276
27643|Matthew Gatliff|19740202|Sales|249274
27647|Jayden Dalgleish|20490309|Marketing|162540
27649|Sofia Warlow-Davies|20420209|HR|47432
27651|Sebastian Barker|20400621|Admin|138066
27654|Kiara Hopman|19820228|Development|275153
27656|Isabella Lorenzini|19810611|Operations|212184
27658|Brodie Bean|19771226|Finance|192748
27660|Jade Reade|19770404|Sales|95809
27664|Jackson Mighell|19750914|Development|280240
27666|Joshua Kershaw|19690311|Operations|249541
27668|Harry Kernot|19730727|Finance|282956
27670|Amber Port|19810127|Sales|95288
27672|Piper Chataway|19731104|Support|276773
27674|Stephanie Wrench|19890211|Development|186080
27676|Julian Frewer|19880628|Operations|79941
27678|Isabelle Nicholls|19930127|Finance|59317
27682|Indiana Grieve|19870319|Support|87717
27684|Stephanie Dunne|19920827|Development|283537
27686|Alex Jury|20450413|Operations|161652
27688|Tahlia Piper|19870508|Finance|165488
27690|Tyson Shea|19680704|Sales|44449
27692|Daniel Avery|19931026|Support|34228
27694|Hunter Blanch|19520223|Development|93629
27697|Tayla Shepherd|19710319|Marketing|29277
27699|Milla Havelock|20491228|HR|245114
27701|Rebecca Macartney|19930816|Admin|148385
27703|Cooper Wicken|19791115|Sales|181547
27705|Bella Millington|19850903|Sales|62622
27707|Gabriel Triaca|19750320|Marketing|124322
27709|Christopher Ridley|19691229|HR|180791
27711|Isla Ryland|19810906|Admin|226280
27713|Sophia Maclean|19570508|Sales|209488
27715|Audrey Everard|19890318|Sales|163682
27717|Chelsea Crompton|19820425|Marketing|230584
27719|Dakota Main|19850614|HR|234887
27721|Summer Wayn|19630925|Admin|243518
27723|Zane Laffer|19730801|Sales|180637
27725|Kaitlyn Trompf|19871027|Sales|29841
27727|Alexandra Rickards|20490513|Marketing|217504
27729|Jeremy Burley|19520922|HR|69322
27731|Ella Wiseman|19810201|Admin|106663
27733|Charles Isaac|19700724|Sales|296216
27735|Kayla Lions|19930721|Sales|176482
27737|Bailey Christison|20460105|Marketing|290737
27739|Amelia Gough|19581209|HR|117829
27741|Nicholas Wand|19980825|Admin|189527
29348|Cody Georgina|19640609|Finance|298109
29350|Harry Serle|20440316|Sales|111523
29352|Samuel Thurgood|19900301|Support|223519
29354|Zac Jageurs|19840507|Development|241617
29356|Aaron Reynell|19700901|Operations|65499
29358|Hudson Tuckfield|19741210|Finance|129149
29360|Anna Sheridan|19520506|Sales|179711
29362|Gabriel Vardon|19810415|Support|231087
29364|Georgia Stokes|20470311|Development|172554
29368|Chelsea Breinl|19830815|Finance|195388
29370|Brodie Nickle|19740508|Sales|285925
29372|Joseph Fowler|19530116|Support|203979
29374|Natasha Outhwaite|20441220|Development|175689
29376|Madeleine Leigh|19980723|Operations|100475
29378|Grace Bejah|19750817|Finance|93976
29381|Layla Macnaghten|19690203|Admin|120028
29385|Laura Landor|19660905|Sales|280298
29387|Ben Wallis|19820507|Marketing|144922
29389|Anna Parry-Okeden|20340920|HR|181126
29391|Brianna Higgs|19730102|Admin|218843
29395|Levi Teresa|19880603|Sales|39806
29397|Zachary Stone|19781022|Marketing|158411
29399|Dakota Mackinolty|19710130|HR|190922
29401|Mikayla Fowles|19610213|Admin|272446
29403|Lucinda Bromilow|19910331|Sales|103640
29405|Isla Wendt|19750117|Sales|169380
29407|Alannah Grice|19570410|Marketing|280754
29409|Charlie Wicken|19830923|HR|39135
29412|William Steinfeld|20450512|Support|157225
29414|Mariam Mundy|19930602|Development|137278
29416|Archer Myer|19580919|Operations|198755
29418|Jayden Skuthorp|19900731|Finance|92739
29420|Amelie Band|19811026|Sales|115801
29422|Callum Huxley|20470829|Support|169634
29424|Charles Francis|19510225|Development|91002
29426|Zachary Wheatley|19910105|Operations|222046
29428|Aaron Evatt|19931230|Finance|166772
29430|Tayla Caire|20480709|Sales|279034
29432|Natasha Scratchley|19641203|Support|112879
29434|Kai Sverjensky|19800705|Development|99834
29436|Joshua Bukowski|19860426|Operations|105877
29438|Sophia Strehlow|19921206|Finance|150608
29440|Olivia Buxton|19680728|Sales|135564
29442|Stella Blackett|19830831|Support|111576
29444|Edward Siddins|19931014|Development|44993
29446|Isabelle Mileham|19500916|Operations|249614
29448|Piper Dietrich|19620115|Finance|124870
29598|Gabriel Livingstone-Learmonth|19770716|Finance|198803
29601|Hugo Lukis|19620208|Admin|189245
29605|Edward Scarfe|19560701|Sales|262789
29607|Adam Joseph|19510505|Marketing|216060
29609|Bethany Mercer|20460302|HR|191289
29611|Rebecca Anderson|19560614|Admin|150148
29613|Angus Swinburne|19840507|Sales|283751
29615|Jasper Henning|19631120|Sales|162974
29617|Jayden Tully|19971102|Marketing|102750
29619|Jonathan Morwood|19790105|HR|255903
29621|Tristan Power|20370614|Admin|205273
29623|Eliza Armstrong|19570915|Sales|255752
29625|Lucy Burhop|19511018|Sales|197724
29627|Lachlan Beak|19740220|Marketing|241428
29629|Andrew Locke|19731027|HR|79467
29631|Madison Mate|19921004|Admin|298826
29633|Audrey Stopford|20400526|Sales|263355
29635|Zachary Bunce|19710929|Sales|66022
29637|Savannah Burke|19930605|Marketing|77928
29639|Ryan Nepean|19940714|HR|127026
29641|Darcy Drysdale|19730512|Admin|43462
29643|Archie Ironside|19910606|Sales|80509
29645|Jorja Wienholt|19790626|Sales|181855
29647|Christian Seymour-Symers|19570324|Marketing|194863
29649|James Shearston|20390615|HR|87176
29651|Ella Goldman|19800430|Admin|270530
29653|Oliver Simson|20470501|Sales|291690
29655|Keira Emanuel|19850727|Sales|31420
29657|Gabriella Le Hunte|19931020|Marketing|59800
29659|Leah Burge|20361219|HR|109025
29661|Michael Greenwood|19620521|Admin|290792
29663|Bella Goldstein|20480919|Sales|172250
29665|Dean Bass|20361202|Sales|267885
29667|Lucy Carboni|19880913|Marketing|133170
29669|Gabriel Evatt|19570309|HR|197814
29671|William Belz|19760808|Admin|205425
29673|Edward Rawson|20490418|Sales|282374
29675|Jessica Macandie|19600828|Sales|122029
29677|Timothy Chase|19530208|Marketing|62729
29679|Ebony Parkinson|19720518|HR|170489
29682|George Phillipps|19830116|Support|72704
29684|Emily Walkom|19790119|Development|75907
29686|George Rutherford|19720823|Operations|47755
29688|Kiara Aiston|19721002|Finance|120771
27743|John Allan|20400619|Sales|109201
27745|Taj Cade|19700717|Sales|59501
27747|Madeline Parkhill|19840617|Marketing|112705
27749|Kai Blackwood|19930720|HR|64190
27751|Paige Normanby|20430814|Admin|146900
27753|Bethany Demaine|19800317|Sales|203536
27755|Liam Lade|19590712|Sales|237590
27757|Sarah De Bernales|19501007|Marketing|130038
27759|Zac Moses|19500704|HR|100503
27761|Tyson McNicoll|19881126|Admin|132469
27766|Max McCourt|19600618|Operations|294733
27768|Harrison Shepherdson|19581119|Finance|260980
27772|Cameron Allman|19730629|Support|160775
27774|David Kirton|19930317|Development|255479
27776|Lilly Gillies|20440915|Operations|222481
27779|Jai Petchy|19930819|HR|226090
27781|David Aitken|20320626|Admin|234173
29283|Mackenzie Down|19820419|Sales|275543
29285|Connor Cashin|19741221|Sales|36224
29287|Charlotte Niall|19910825|Marketing|71636
29289|Sam Parkes|19591106|HR|90073
29291|Archie Seton|19910714|Admin|104088
29295|Jett Soul|19611006|Sales|162177
29297|Imogen Smythe|19960831|Marketing|181099
29301|Joshua Mort|19680621|Admin|64458
29303|Brooke Howard|20440817|Sales|117197
29305|Alyssa Peter|19541020|Sales|170316
29307|Eliza Hernsheim|19670304|Marketing|37060
29309|Matilda Doyne|20420907|HR|116930
29311|Bailey Stansfield|19570512|Admin|100684
29313|Luca Conley|19851205|Sales|222797
29315|Eliza Hardy|19670503|Sales|127663
29317|Dylan Pasley|19630812|Marketing|115010
29319|Beau Hume|19731123|HR|269561
29323|Sophia Tarczynski|19850114|Sales|234054
29325|Milla Marston|19960908|Sales|209076
29327|Koby Stainforth|19740723|Marketing|175067
29329|Andrew Spooner|19580323|HR|230280
29338|Max Larnach|19630609|Finance|136458
29340|Emma Carver|19650128|Sales|135303
29342|Aidan Guy|19601005|Support|216495
29344|Jamie Reid|19791001|Development|286525
21909|Alannah Carey|19670910|HR|134230
21911|Mia Titheradge|19811228|Admin|129661
21913|Tahlia Anivitti|20480413|Sales|89649
21915|Victoria De Mestre|19530909|Sales|121295
21919|Rachel De Satg|19611121|HR|132515
21921|Adam Mein|19770701|Admin|217548
21923|Declan Boulger|19600323|Sales|98573
21925|Jacob Cornish|19770506|Sales|73954
21927|John Gladman|19920423|Marketing|217125
21929|Katie Antill|19760612|HR|137778
21932|Isabel Handt|19610305|Support|154996
21970|Callum Hipkiss|19940521|Sales|184933
21972|Sam Wemyss|19781225|Support|276870
21974|Natalie Latour|19531103|Development|148659
21976|Piper Oxenham|19520823|Operations|151698
21978|Elijah Wiltshire|19541218|Finance|258022
21980|Caleb Walder|19790226|Sales|76250
21982|Hayley Stanfield|19790508|Support|238831
21985|Madison Boelke|20400128|Sales|279221
21987|Caitlyn Merriman|19710916|Marketing|161388
21989|Nathan Banning|19940219|HR|232701
21991|Ebony Strehlow|19780406|Admin|190513
21993|Tyler MacKillop|20410416|Sales|103031
21995|Sam Corbould|19590428|Sales|229787
21997|Zachary Kelleher|19630528|Marketing|171057
22001|Liam Mandalis|19520504|Admin|36843
22003|Samuel Woolner|19891229|Sales|186760
22005|Levi Tom|19640222|Sales|59939
22007|Summer Rankine|19520320|Marketing|62394
22009|Levi Griffen|20470707|HR|151669
22011|Charli Brett|19620615|Admin|263069
22013|Amy Hayden|19690527|Sales|145455
22015|Lucinda Ross-Watt|20340320|Sales|176297
22017|Oscar Clisby|19880702|Marketing|154723
22019|Alana Copeland|19551224|HR|200384
22022|Andrew Crook|19550602|Support|269693
22024|Paige Shenton|19710621|Development|99647
22026|Katie Monahan|19530228|Operations|138031
22028|Jasper Radford|19810726|Finance|166151
22030|Lachlan Lenehan|20360507|Sales|88442
22032|Victoria Pethard|20450622|Support|149839
22034|Jai Latimer|19680816|Development|246927
22036|Poppy Baccarini|19531221|Operations|260617
22038|Annabelle Robertson|20410128|Finance|200668
22040|Zara Collee|19921119|Sales|251322
22042|Bella Gibb|20480515|Support|241709
22044|Mackenzie Whitley|19850704|Development|228584
22046|Tyson Fenner|20330505|Operations|285304
22048|Patrick Palazzi|19621217|Finance|148908
22050|Layla Kemble|19950413|Sales|155288
22052|Liam McIlveen|20490111|Support|92669
22054|Nate Simmons|19500921|Development|70160
22057|Lily Pedder|20461116|Marketing|26817
22059|Maya Carruthers|20440730|HR|294526
22061|Joel Mobourne|19830212|Admin|217313
22063|Brock Ellwood|19950327|Sales|280287
22065|Eva Newling|19941110|Sales|141504
22067|Charlie Waters|19690724|Marketing|251410
22069|Emma Amadio|19810724|HR|156235
22071|Mackenzie Billson|19610128|Admin|169910
22073|Toby Willshire|19920701|Sales|70217
22075|Xavier Phocas|19730214|Sales|62642
22077|William Ackland|19940712|Marketing|194409
22079|Aidan Carlile|20421102|HR|94423
22083|Hamish Davy|19830315|Sales|267502
22085|Hayley Kelynack|19651104|Sales|56381
22088|Hunter Batt|19870104|Finance|155626
22090|Jasmine Camfield|19761029|Sales|77518
22094|Oscar Carr|20401224|Development|261690
22096|Alexander Lazarev|20481029|Operations|292850
22098|Xavier Cox|19870301|Finance|47465
22102|Jake Lenehan|20340906|Support|201089
22104|Caitlin Learmonth|19920529|Development|186758
22106|Henry Scutt|20390116|Operations|240838
22109|Tyler Polding|19700915|HR|63057
22111|Mikayla Loewenthal|19770929|Admin|185024
22113|Ali Perkin|19581214|Sales|133223
22115|Christian Rutherford|19870515|Sales|32615
22120|Alannah Moreno|20450803|Sales|216092
22122|Jaxon Riddell|19860206|Support|294965
22124|Liam Dudley|19501222|Development|167131
22126|Caleb Brewer|19661219|Operations|254430
22130|Lachlan Radcliffe-Brown|19781204|Sales|105100
22132|Sean Roe|19921211|Support|64212
22134|Hayden Crowder|19950715|Development|147195
22140|Imogen Langer|19600821|Sales|181383
14389|Mikayla Jolly|19961116|HR|126742
22142|Max Hayter|19870127|Support|292802
22144|Jai Wettenhall|20461202|Development|107134
22146|Adam Kisch|19521024|Operations|57620
22148|Cody Hoysted|19541210|Finance|140603
22150|Tayla Withnell|19801111|Sales|144865
22152|Georgia McCracken|20470217|Support|175674
22154|Gemma O'Connell|19770509|Development|61561
22156|Jonathan Hodel|19611118|Operations|157866
5418|Justin Wilcox|19511204|Finance|166659
5422|Samuel Cunneen|20390622|Support|185554
5426|Stella Jeanneret|19810221|Operations|179470
5428|Sebastian Feakes|20340619|Finance|131251
5432|Lucas Halford|19670321|Support|63015
5435|Toby Calwell|19890308|Sales|252158
5437|Makayla Mikluho-Maklai|19500515|Marketing|100545
5439|Ashley Babbage|19630206|HR|297202
5441|Erin Tuckfield|20440120|Admin|28134
5443|Layla Peck|19731109|Sales|101263
5445|Alexis Mullan|19590105|Sales|77851
5447|Angelina Little|19750210|Marketing|162809
5449|Lily Hicks|19560315|HR|158808
5453|Ethan Dunstan|19780614|Sales|288863
5455|Isabella Benstead|19860313|Sales|272549
5457|Sean Broughton|19890223|Marketing|249764
5459|Milla Lester|19900526|HR|248979
5462|Luca Mendelsohn|19780824|Support|158392
5464|Declan Shapcott|20470419|Development|109792
5466|Ella Albert|19681104|Operations|223448
5468|Victoria Wills|20450214|Finance|206006
5470|Hugo Knipe|19750117|Sales|164781
5474|Isabella Dodery|19640216|Development|178823
5476|Nathan Fernie|19820128|Operations|233478
5478|Hudson Vidler|19691105|Finance|225627
5484|Joseph Heyes|20330202|Development|277239
5486|George Bickford|19930220|Operations|25053
5488|Jade Hynes|19590504|Finance|162351
5490|Austin De Salis|20471221|Sales|153315
5492|Eliza Hagelthorn|19870908|Support|181980
5494|Layla Glencross|19910225|Development|168946
5496|Zachary Scherf|19870308|Operations|84417
5498|Aaron Lalor|20440331|Finance|64252
5504|Sam Heagney|20420913|Development|280683
5506|Amber Higgs|19600201|Operations|125807
5511|Gabriella McCombie|19831011|Admin|149156
5513|Angus Calvert|19830607|Sales|83281
5515|Gabrielle Calvert|19810908|Sales|59230
5517|William Steinfeld|19620215|Marketing|78203
8707|Jacob Swanton|19600716|Marketing|54051
8709|Brodie Skuthorp|19500911|HR|127021
8711|Harrison Anton|19620908|Admin|291325
8713|Ellie Sly|19770621|Sales|113750
8715|Patrick Coupp|19800205|Sales|31661
8717|Anna Whitelegge|20411227|Marketing|187040
8719|Taylah Honey|19890205|HR|277526
8721|Annabelle Small|19790208|Admin|262378
8723|James Selby|19801205|Sales|37251
8727|Alice Wonggu|19620601|Marketing|245787
8729|Anthony Olden|20391226|HR|239318
8731|Archie Ironside|19910606|Admin|57745
8733|John Joske|20401028|Sales|162822
8735|Samuel Wilkins|19820205|Sales|89818
8737|Mason Barclay|19870416|Marketing|171690
8739|Alexis Collits|20440128|HR|62897
8741|Isabel Pritchard|19890402|Admin|93286
8743|Hamish Bastyan|19840305|Sales|163793
8745|Mikayla Winter|19820222|Sales|179523
8747|Oscar Peeler|19911105|Marketing|268602
8749|Alannah Schomburgk|19911118|HR|191331
8751|Flynn Kaylock|19581202|Admin|135139
8753|Charlotte Wells|19691123|Sales|244491
8755|Stella Dobie|19870621|Sales|82620
8757|Eve Dalgarno|19611012|Marketing|67386
8761|Laura Hudd|20400917|Admin|82947
8763|Dominic Macalister|19540520|Sales|178658
8765|Jonathan Elphinstone|20430713|Sales|286965
8769|Jasper Hickey|19611216|HR|217090
8771|Angelina Dumas|20440117|Admin|49094
8774|Chloe Lake|19951223|Development|51753
8776|Isabella Bowmaker|20410704|Operations|278815
8778|Lara Hearn|19840907|Finance|77000
8780|Dominic O'Neill|19841019|Sales|150717
8783|Sofia Pavy|19920122|Sales|198542
8785|Katie Zadow|20410612|Sales|230110
8789|Eve Wreford|20470511|HR|94046
9107|Aidan Grahame|19580814|Marketing|143308
9109|Amelia Agostini|20390103|HR|142202
9114|Lily Balfe|19570325|Development|245729
9118|Joshua Scorfield|19870923|Finance|172414
9120|Joshua Hale|19831214|Sales|217557
9124|Archer Morres|19901020|Development|57798
9126|Nicholas Blaxcell|19931019|Operations|26173
9129|Indiana Jeanneret|19690914|HR|218134
9131|Lilly Bennetts|19640329|Admin|54671
9133|John Cramsie|19641207|Sales|206843
9135|Eva Hindley|19630304|Sales|152703
9137|Lily Serle|19700329|Marketing|203046
9139|Aidan Winchcombe|19640525|HR|161207
9141|Abigail McClelland|19600405|Admin|95409
9143|Alex Oala-Rarua|19640219|Sales|41487
9145|Lachlan Maria|19730922|Sales|193421
9148|Jasper Finnis|19720204|Finance|278721
9150|Caitlin Gatehouse|19840110|Sales|135823
9152|Mikayla Agar|20441119|Support|96437
9154|Jasper Kreitmayer|19540324|Development|184968
9156|Flynn Elizabeth|19720103|Operations|170984
9158|Jett Wimble|19780619|Finance|101716
9160|Joseph Woodcock|19831003|Sales|223751
9162|Hudson Willcock|20460512|Support|211134
9164|Connor Harper|19601218|Development|30279
9170|Sebastian Frith|19750130|Sales|242194
9172|Abby Darvall|19830316|Support|89252
9174|Will Hotchin|19921216|Development|97504
9177|Alana Mei|19700424|Marketing|138861
9179|Rachel Lilley|19561102|HR|262855
9181|Brianna McAulay|20340703|Admin|231869
9183|Cooper Bettington|19500702|Sales|208127
9187|Kiara Halpern|19781126|Marketing|288893
9191|Rebecca McCoy|20321112|Admin|283627
9193|Jacob Watts|19610505|Sales|240700
9201|Gabriella Booth|19921230|Admin|82351
11513|Sarah Rasp|19930424|Sales|212322
11515|Gabriella Wray|19761016|Sales|269775
11517|Jasmine Bourne|19670901|Marketing|110465
11519|Brock Stobie|19760105|HR|164811
11521|Callum Johns|20380319|Admin|152335
11525|Sam Randell|19570620|Sales|210323
11527|Skye Baragwanath|19900727|Marketing|245432
11529|Luca Tauchert|19560423|HR|219154
11531|Ashton Flannery|19500915|Admin|249068
11533|Archie O'Loughlin|19600119|Sales|29453
11535|Evie Cookson|19791029|Sales|111511
11537|Jordan Templeton|19690712|Marketing|28815
11539|Erin Gall|20340510|HR|162576
11541|Lilly Coungeau|19660925|Admin|76253
11543|Charlie Fitz|19981023|Sales|236968
11546|Liam Hernsheim|20460323|Operations|296702
11548|Bella Rivett|19561208|Finance|275259
11550|Matthew Swanston|19520219|Sales|154862
11552|Joshua Mulley|19711211|Support|280180
11554|Amber Finnerty|19550516|Development|148588
11556|Brianna Hailes|20470617|Operations|85396
11850|Joel O'Sullivan|19871231|Sales|35982
11852|Lucas Coles|19770711|Support|244919
11854|Bailey Bligh|19560322|Development|57419
11856|Phoebe Summerfield|19770606|Operations|295653
11858|Blake Wildman|20440430|Finance|233042
11860|Ali Liversidge|19790808|Sales|127261
11862|Amy Bremer|19530809|Support|44564
11865|Matthew Hooper|19900101|Sales|191470
11867|Brayden Schneider|19840729|Marketing|94404
11869|Lincoln Kemble|19810917|HR|260397
11871|Samuel Clarke|19790622|Admin|74529
11873|Isabelle Hartigan|19931228|Sales|66185
11877|Jamie Kevin|19601124|Marketing|126953
11879|Ashley Clowes|19660531|HR|59232
11883|Max Parry-Okeden|19550121|Sales|132056
11885|Ruby Harries|19860520|Sales|47147
11887|Jade Howard|19521108|Marketing|42870
11890|Angus Corser|19881219|Sales|105122
11892|Jesse Hosking|19900120|Support|121052
11894|Timothy Mott|19520330|Development|106169
11896|Rebecca McCarron|19720728|Operations|36263
11898|Archie Rooke|19680710|Finance|214950
11900|Caleb Fairbairn|19801005|Sales|167856
11902|Archie Swift|19890908|Support|293447
11904|Brooke Becher|20430903|Development|27220
11906|Angus Petre|19511229|Operations|95207
11908|Adam Kable|19800814|Finance|115120
11910|Claudia Rehfisch|19820726|Sales|118717
11914|Jonathan Charley|19930928|Development|213049
11916|Callum Tunnecliffe|19570623|Operations|57715
11918|Isla Lumholtz|19650821|Finance|75289
11920|Owen Loughlin|19520808|Sales|294609
11922|Abbey Thorn|19810406|Support|186619
11924|Sophia Bini|19810822|Development|114770
11926|Jacob Glossop|19510102|Operations|208975
11930|Jai Flierl|19620314|Sales|203818
11932|Darcy Penington|20461108|Support|212727
11934|Madison Langham|20390413|Development|184376
9218|Gabriella Saunders|20430902|Finance|44806
10973|Chelsea Macdonell|19600928|Sales|279728
11422|Jackson Monahan|19921223|Support|206830
11424|Savannah Teakle|19520908|Development|268683
11428|Lola Desmond|20420111|Finance|290253
11430|Eliza Jervois|20390520|Sales|131406
11434|Will Cartwright|19831222|Development|145743
11436|Georgia Gerard|19600721|Operations|135872
11438|Hugo Cockett|19631223|Finance|184724
11440|Callum Piguenit|20400426|Sales|94123
11442|Jamie Schonell|19960602|Support|43090
11444|Callum Coningham|20340309|Development|118754
11446|Patrick Hose|19950228|Operations|82429
11448|Lucas Gaunson|19501211|Finance|166125
11450|Ashley Muntz|19630523|Sales|196130
11454|Jasper Tom|19930414|Development|291444
11456|Logan Kyte|19950212|Operations|79844
11458|Will Goodwin|20470517|Finance|38202
11460|Declan Moroney|19730724|Sales|41126
11462|Abbey Du Cane|19820210|Support|147539
11464|Lucinda Martel|19760516|Development|115371
11466|Jackson Stralia|20490728|Operations|147092
11470|Koby Lions|20430117|Sales|159976
11472|Claire Boag|20440509|Support|94854
11474|Amelie Hose|20430615|Development|187080
11476|Cody Nott|19760312|Operations|256024
11479|Jasmine Pulsford|20391228|HR|76168
11483|Caleb Wynn|20400507|Sales|258505
11487|Jaxon Batchelor|20440125|Marketing|245003
11491|Mackenzie Wanganeen|20331220|Admin|40680
11493|Emily Isaac|20421110|Sales|218608
11495|Anthony Goldsbrough|19700411|Sales|151863
11501|Claudia McCallum|19870622|Admin|27875
11503|Koby Whitfield|20410628|Sales|224700
11507|Adam Dooley|19951021|Marketing|74806
11509|Oliver Yarnold|19680117|HR|112305
11511|Matthew Finnerty|19961221|Admin|212575
1142|Leah Bradfield|19630116|Support|157007
1146|Harry Eagar|19610318|Operations|51822
1148|Joel Clowes|19620213|Finance|53580
1150|Lilly Curthoys|20480812|Sales|88571
1152|Dylan Jacobs|19710206|Support|45311
5521|Bianca Kenneally|19641127|Admin|188961
5523|Riley Bignold|19720404|Sales|172549
5525|Mia Fielder|19880310|Sales|259842
5527|Rose Ledger|19711130|Marketing|110180
5533|Tahlia Prentice|19501201|Sales|50159
5535|Kate Thring|19850216|Sales|130134
5538|Hugo Hone|20430107|Finance|33811
5540|Jake Leason|19520220|Sales|202745
5542|Joel Gyles|19550605|Support|237310
5544|Eve Tanner|19921011|Development|25347
5546|Ali Tarczynski|19921124|Operations|51911
5548|Blake Jeanneret|19650530|Finance|73703
5552|Kai Garrett|19860612|Support|254230
5554|Darcy Howse|19701003|Development|206886
5556|Ebony Stradbroke|19930604|Operations|236752
5558|Layla Garran|19591101|Finance|257998
5560|Gabriella Sodersten|20470510|Sales|228189
5562|Lily Harford|19640521|Support|236257
5564|Tyler Winning|20480227|Development|147086
5566|Bianca Lumholtz|19860130|Operations|65352
5568|Jordan Abbott|20480117|Finance|262735
5570|Paige McGarvie|20440518|Sales|187600
5572|Jacob Jeffcott|19570701|Support|293824
5576|Annabelle Yewen|19571207|Operations|92897
5580|Nicholas Koch|19601018|Sales|206060
5582|Xavier Vogt|20460728|Support|270004
5584|Zane Glasheen|19830728|Development|298132
5590|Lilly Gosman|20490508|Sales|222953
5592|Levi Wicks|19900117|Support|46025
5594|Eva Moten|19721119|Development|143416
5596|Jaxon McCaughey|19870729|Operations|58513
5600|Ella Buggy|19711015|Sales|205088
5602|Callum Bindi|20470730|Support|295089
5604|Kaitlyn Dechaineux|20470120|Development|76213
5609|Sebastian Venables|20460721|HR|232273
5611|Adam Jose|19980928|Admin|185136
5613|Christopher Pelsaert|19740416|Sales|199989
5618|Lincoln Blanchard|20480325|Finance|195892
5620|James Tearle|19510120|Sales|159769
5622|Mackenzie Twopeny|19620512|Support|288479
5624|Paige Crofts|19810825|Development|258852
5626|Taj McNab|19920313|Operations|271915
5628|Jesse Ranken|20490820|Finance|89384
6099|Samuel Keene|19870625|HR|173839
6101|Amber Welsby|20401111|Admin|59749
6413|Cameron Priddle|19740218|Sales|239628
6418|Lachlan Adams|19861226|Finance|183699
6420|Jeremy O'Bryan|19630807|Sales|277996
6728|Eve Schaaf|20400810|Finance|49563
6730|Sebastian Claire|19830106|Sales|60662
6733|Alexander Guy|19800322|Sales|197359
6735|Xavier Grosse|19791005|Sales|289558
6739|Lilian Hooker|19540308|HR|216180
6741|Ebony Shoebridge|20380127|Admin|83396
6743|Lucy Alfred|20451203|Sales|113208
6745|Archie Greville|19531230|Sales|96022
6748|Elijah Hotham|19600909|Finance|143554
6750|Charles Tozer|19540624|Sales|258975
6754|Oliver Doolan|19641019|Development|34134
6756|Owen Easterby|19880802|Operations|71185
6758|Isabel McCathie|19570604|Finance|248551
6760|Harrison Liebe|19610402|Sales|67325
6762|Mary Stable|19980907|Support|108834
6764|Alicia Woolcock|19710529|Development|233400
6768|Erin Bednall|19510721|Finance|76561
6770|Hayden Finckh|19511117|Sales|259184
6772|Phoebe Lukis|19560226|Support|233840
6774|Brayden Waley|19511209|Development|155220
6853|Eve Tarczynski|19560222|Sales|103778
6855|Hamish Smeaton|19690120|Sales|97522
6857|Declan Soutter|20410702|Marketing|247478
6859|Ava Ambrose|19781223|HR|188041
6861|Dakota Goodwin|19520115|Admin|209172
6863|Levi Code|19910203|Sales|211471
6865|Rory Downey|19570322|Sales|214191
6867|Luca Tauchert|19770805|Marketing|297485
6869|Kayla Glenelg|19610823|HR|128228
6871|Alex Gatliff|19580620|Admin|178524
6873|Hudson Manessis|19640128|Sales|71893
6875|Lily Dettmann|19730326|Sales|230623
6879|Kiara Goldhar|19820224|HR|31667
6881|Jonathan Annand|19731030|Admin|196492
6883|Holly Zimin|19841128|Sales|213512
6886|Charli Mowbray|19860417|Operations|237206
6888|Nathan Anthon|19771225|Finance|201812
6890|Hugo Ranclaud|19670826|Sales|146722
6892|Flynn Triaca|19510619|Support|276110
6894|Ben O'Malley|19730504|Development|139644
6896|Tyson Isaachsen|19971223|Operations|36189
6898|Max Solander|20410223|Finance|241408
6900|David Pearson|19570526|Sales|231322
6902|Mikayla Leibius|20410520|Support|149540
6904|Jonathan Chewings|19590511|Development|238217
6908|Abby Le Fanu|19820526|Finance|243604
6910|Jett Dransfield|19820503|Sales|222879
6912|Madeline Vidler|19531114|Support|36413
6914|Samantha Anderson|19970115|Development|232099
6916|Zane Cunningham|19880219|Operations|298224
6920|Ella Zimpel|19910506|Sales|30059
6922|Thomas Stanfield|19790409|Support|138527
6924|Callum Ritchard|20470409|Development|38150
6926|Natasha Griver|19610131|Operations|132178
6930|Alexandra Reymond|19830805|Sales|167037
6932|Jacob Dalgety|19981008|Support|233735
6934|Hannah Nickson|19810521|Development|247133
6936|Skye Bugnion|19770328|Operations|112550
6938|Ebony Wicks|19750720|Finance|288043
6940|Milla Coupp|19931124|Sales|45409
6942|Claudia Astley|19720828|Support|236921
6944|Cameron Musquito|19840814|Development|160102
6946|Alyssa Burgess|19950523|Operations|27646
6948|Ben Rosenhain|20350814|Finance|150222
6952|Zac Hutchens|20411123|Support|156467
6954|Mikayla Short|19710611|Development|222647
6960|Dean Castella|19640905|Sales|283392
6962|Jack Postle|20400503|Support|151363
6964|Natalie Osburne|19630524|Development|189048
6966|Callum McNicoll|20420614|Operations|85944
5198|Toby Crick|19650102|Finance|74045
5200|Henry Sexton|20430303|Sales|87750
5204|Skye Aarons|19620929|Development|201593
5208|Grace Birdwood|20480121|Finance|166162
5210|Sebastian Foletta|19700615|Sales|279760
5212|Luca Coningham|19600211|Support|42995
5216|Lauren Dwyer-Gray|20430902|Operations|42126
5218|Indiana Osburn|20410115|Finance|171358
5222|Hayden Hanlon|19650831|Support|199455
5224|Hunter Butler|19710922|Development|142272
5226|Joel Langdon|19770616|Operations|210695
5228|Andrew O'May|19731117|Finance|219250
5237|Matthew Wisdom|19580711|Marketing|137012
5239|Tyler Macgeorge|20391007|HR|141378
5241|Michael Lockwood|19910527|Admin|285702
5243|Tayla Frederick|19551218|Sales|213931
5245|Elijah D'Arcy|19570902|Sales|165359
5249|Cody Brient|20320602|HR|253801
5251|Leah Towner|19890125|Admin|284043
5253|Angus Wills|19930807|Sales|202556
5261|Charlotte Gosling|19640520|Admin|257615
5263|Jasmine Rowlandson|19650105|Sales|139733
5265|Abigail Merrylees|20481125|Sales|281825
5267|Mary Donoghue|19580422|Marketing|278757
5269|Jeremy McClure|19880805|HR|264866
5271|Lincoln Jeanneret|19910424|Admin|167657
5273|Erin Hankinson|19580929|Sales|165055
5275|Lucy Fishbourne|19860817|Sales|215714
5280|Joshua Lording|19780930|Sales|275904
5282|Lucinda Corran|19930112|Support|128265
5284|Claire Allum|19511231|Development|30549
5288|Dylan Henley|19540607|Finance|271925
5290|Edward Harrap|19700802|Sales|99164
5292|Matthew Goloubev|19690110|Support|134692
5296|George Shackleton|19570620|Operations|165387
5298|Madeline Cardell|19800816|Finance|284819
5300|Christopher Rundle|19870925|Sales|156523
5302|Imogen Cavill|19571226|Support|55276
5304|Will Laffer|19961101|Development|278536
5306|Hugo McClelland|20381121|Operations|67493
5308|Patrick Seyler|19621126|Finance|77007
5312|Lucinda Minchin|19890721|Support|158829
5314|Mason Gurney|19900815|Development|32801
5316|Lauren Toll|19560425|Operations|126056
5319|Angus Grishin|19661103|HR|161787
5321|Dominic Kruse|19880223|Admin|223623
5323|Bella Athaldo|20370523|Sales|75034
6968|Xavier Wall|19830409|Finance|168006
6970|Sarah Rosevear|20390104|Sales|105023
6972|Zachary Raper|19801127|Support|141510
6974|Hayden Beeston|19530122|Development|126203
6976|Zac Streeton|19801129|Operations|242007
6978|Charlie Grimm|19570630|Finance|266097
6980|Joel Niven|19511020|Sales|171873
6982|Dakota Burnside|19641001|Support|65702
6984|Sienna Budd|19950606|Development|39912
7398|Emily Warlow-Davies|19800918|Finance|230407
7400|Zara Embry|19890826|Sales|67648
7402|Austin Nobbs|19560807|Support|82876
7404|Gabriella Whelan|20431110|Development|256664
7406|Sean Bishop|19941022|Operations|146261
7408|Sarah O'Grady|19880629|Finance|47675
7414|Brodie Petersen|19510614|Development|144283
7421|Justin Yuille|20320405|Admin|273619
7425|Archie Port|19560719|Sales|251965
7427|Lucinda McCracken|19590526|Marketing|77083
7433|Joshua Vicars|19570214|Sales|205070
7435|Hugo Longford|19900216|Sales|268536
7437|Chloe Pankhurst|19950426|Marketing|171655
7439|Henry Judkins|19580912|HR|265239
7771|Katie Fell|19860908|Admin|256424
7773|Amber Peacock|19590729|Sales|217367
7775|Angelina Clendinnen|19690228|Sales|113631
7777|Rachel Loveless|19530514|Marketing|291844
7858|Isla Hebblethwaite|19520505|Finance|29612
8323|Lola Luffman|19740723|Sales|120403
8516|Claudia Smerd|20450821|Operations|64357
8518|Jorja Ross-King|19900429|Finance|57859
8520|Katie Wales|19921212|Sales|147763
8522|Joshua Del Fabbro|19710115|Support|70890
8524|Audrey Jose|20440823|Development|284168
8526|Gemma Wallace|19590707|Operations|266259
8528|Julian Morison|19680602|Finance|158722
8530|Anthony Doyle|19540601|Sales|243002
8532|Justin Guerard|20320321|Support|275139
8534|Amber Port|19810127|Development|71251
8536|Darcy Mountford|19690128|Operations|286837
8538|Brodie Randell|20400209|Finance|30571
8540|Ben Greville|19740501|Sales|177341
8544|Hamish Brennan|20330813|Development|223264
8546|Lincoln Niall|20481022|Operations|242484
8548|Lincoln Pope|19521209|Finance|277785
8550|Sara Madgwick|19950925|Sales|77952
8552|Matthew Denehy|19690305|Support|123819
8554|Austin Hayward|19800925|Development|42112
8558|Declan Isabel|19621113|Finance|29972
8560|Blake Bowmaker|19780810|Sales|210913
8562|Angus Noblet|19930402|Support|212871
8564|Chloe Downer|20420303|Development|95592
8566|Oliver Story|20450406|Operations|34442
8570|Victoria Robin|19570201|Sales|189863
8572|Jacob Madsen|19680609|Support|32458
8574|Jonathan Brooke|19810116|Development|86373
8576|Bianca Conrick|19750629|Operations|193654
8578|Natalie Maclurcan|19800715|Finance|134355
8580|Kai Greeves|19860917|Sales|130816
8582|Bailey Nanson|19820805|Support|63410
8584|Max Gates|19510404|Development|31455
8589|Kayla Hare|19790805|HR|204732
8591|Mitchell McBeath|20470628|Admin|188465
8593|Joel Grimshaw|20371105|Sales|85802
8595|Matthew Koerstz|19630610|Sales|215575
8597|Marcus Ebsworth|19850903|Marketing|34908
8599|Bethany Edwin|19740101|HR|216598
8601|Hudson Yuranigh|19611215|Admin|200667
8605|Christopher Brabyn|19950310|Sales|122400
8610|Elijah Givens|19901217|Sales|93927
8612|Joshua Nothling|20331231|Support|132120
8614|Mason Sowden|19631109|Development|279191
8616|Dakota Boxer|19610428|Operations|130307
8620|Zane Jackey|19500625|Sales|275347
8622|Connor Cockle|19520523|Support|148554
8624|Riley Johann|19831003|Development|247321
8630|Abbey Ireland|19640520|Sales|224607
8632|Lola Bussau|19680922|Support|90059
8634|Gemma Ah Mouy|20420724|Development|273537
8637|Jaxon Yip|19600128|Marketing|222340
8639|Mitchell Crick|19740727|HR|25544
8641|Noah Morley|20450608|Admin|205716
8643|Natalie Clarke|19540206|Sales|100205
8645|Joshua Byrne|20460613|Sales|129845
8647|Daniel Cusack|19690517|Marketing|229221
8649|Madeline Wood|19730826|HR|65318
8651|Charlie Dendy|19950920|Admin|209136
8653|Hannah Foveaux|19731121|Sales|239545
8655|Jasper Leehy|20361229|Sales|119523
8657|Mariam Binney|19671002|Marketing|98076
8660|Aiden Cussen|19780825|Sales|197133
8666|Layla Ledger|19650601|Operations|249458
8668|Lara Freeman|20431229|Finance|180871
8670|Will Wardle|19841008|Sales|234717
8672|Bianca Doolan|20390114|Support|73639
8674|Tyler Bartley|19890604|Development|221147
8676|Ebony Singleton|19660226|Operations|187250
8680|Erin Tulk|19930830|Sales|140863
8682|Savannah Nickson|20480817|Support|144151
8684|Cody Trundle|19700112|Development|101185
8686|Mason Woodger|19941008|Operations|146879
8688|Darcy Culley|19500403|Finance|230940
8690|Madison Imlay|19870214|Sales|296303
8692|Cameron Trumble|19641011|Support|135280
8695|Bethany Rumpf|19940514|Sales|187260
8697|Charles Sykes|19861031|Marketing|62426
8699|Mariam Adam|19800116|HR|43913
8701|Indiana Brifman|19720506|Admin|234049
8705|Callum Darling|19930714|Sales|254922
4072|Zac Spargo|19691126|Support|280996
4074|Sarah Irwin|19600731|Development|283713
4076|Isabelle Gerstaecker|19820702|Operations|194199
4078|Layla Petrie|19531009|Finance|41071
4080|Jack Daley|19721124|Sales|206022
5325|Ryan Leehy|20370628|Sales|168256
5328|Eden Scullin|19590628|Finance|235677
5330|Ali Lefroy|20430313|Sales|245050
5332|Kai Neumayer|19780917|Support|98602
5334|George Child|20390306|Development|26348
5344|Lucy Uther|19840207|Development|36099
5346|Jayden Carmody|19660605|Operations|107984
5348|Claudia Sawers|19630727|Finance|114732
5352|Abbey McPherson|20411025|Support|151125
5354|Matthew Koerstz|19680217|Development|278272
5356|Maddison Groom|19580824|Operations|29644
5358|Anthony Burke|20470311|Finance|180760
5364|Jade Coyne|19640817|Development|201338
5368|Laura Kinsela|19551023|Finance|292557
5370|Sean Cowley|19890112|Sales|117210
5372|Stella Moysey|19800216|Support|267705
5374|Gabrielle Mountgarrett|19840726|Development|49506
5383|Jesse Abercrombie|20430108|Sales|72486
22158|Sara Faunce|19900721|Finance|118341
22160|Olivia Hopetoun|19510119|Sales|278308
22507|Emma Prerauer|19880719|Marketing|117244
22509|Koby Dethridge|19560421|HR|253187
22511|Charlotte Harricks|19900522|Admin|214013
22513|Ruby Akeroyd|19720812|Sales|235559
22515|Toby Savage|19670531|Sales|251049
22517|Amber Morison|19521211|Marketing|187394
22519|Kate Palmer|19810402|HR|36666
22521|Spencer Percy|19581028|Admin|97127
22523|Jai Pelsaert|19740819|Sales|130726
22525|Taylah Payne|19900308|Sales|230185
22527|Brooke Macarthur-Onslow|19801224|Marketing|135040
22531|Brock Cottee|20390322|Admin|28142
22533|Laura Beuzeville|20480515|Sales|134406
22538|Audrey Leighton|19650816|Finance|276252
22540|Lincoln Lysaght|19850609|Sales|283636
22544|Natasha Benson|19770716|Development|206840
22548|Erin Laurie|19950105|Finance|236336
22550|Jake Rubeo|19560523|Sales|209122
22552|Mitchell Hill|19910918|Support|192413
22554|Jai Kubary|19600716|Development|219025
22556|Molly Johnston|19671110|Operations|296152
22558|Alex Checchi|20491225|Finance|88226
22560|Nathan Packer|19820825|Sales|75636
22562|Mason Fox|19620118|Support|89001
22564|Callum Gertrude|20361001|Development|271230
22566|Elizabeth Remington|19921124|Operations|197383
22568|Logan Atkins|19510124|Finance|138365
22570|Zoe Callaghan|20480705|Sales|55411
22572|Timothy Boase|19961027|Support|180331
22574|Hunter Wolfe|19780406|Development|294431
22576|Alexandra McDowell|20410401|Operations|166067
22578|Alyssa Kinsella|19740818|Finance|59082
22580|Dominic Cooch|19751026|Sales|291244
7449|Lily Curtin|19771029|HR|100038
11936|Dominic Annand|19830306|Operations|69782
11938|Sarah Garside|20410204|Finance|258664
11943|Charles Vonwiller|19611021|Sales|104486
11945|Brooke Sambell|19950131|Sales|32631
11947|Alannah Beasley|19570426|Marketing|239258
11951|Ali Richard|19590427|Admin|86156
11953|Charlie Andrade|19740709|Sales|36285
11957|Samuel Kidd|19821115|Marketing|174253
11959|Skye Crowther|19720709|HR|150338
11962|Liam Harper|19511223|Support|290789
11964|Matilda Percy|19580320|Development|103995
11966|Daniel Handfield|20420914|Operations|277439
11968|Jasper Close|19570218|Finance|288975
11970|Maddison Plante|19801212|Sales|268957
11972|Hudson Dew|19950816|Support|50726
11976|Elizabeth Hebblethwaite|19960512|Operations|38278
11978|Cameron Sturt|19580331|Finance|95699
11980|Sienna Enderby|19501216|Sales|58713
11982|Gabrielle Badham|20460302|Support|221092
11984|Scarlett Challis|19750618|Development|168978
11990|Bethany Kingsmill|19510526|Sales|68310
11992|Harrison Anton|19620908|Support|89475
11994|Piper Johns|19671123|Development|151571
11996|Joel Binnie|19670803|Operations|53378
11998|Nate Uren|19640717|Finance|265970
12000|Jorja Heidenreich|19880804|Sales|132380
12002|Gabriella Connibere|19840825|Support|182825
12004|Dean Massey|19841005|Development|177733
12006|Scarlett Catts|19520525|Operations|131209
12008|Tristan Schlink|20400102|Finance|122970
12010|Mason O'Keefe|20490404|Sales|31223
12012|Cameron Montford|19930126|Support|179823
12015|Paige Finnerty|20470911|Sales|261807
12019|Jake Campion|19750802|HR|213893
12022|Mikayla Kelley|20470228|Support|283884
12024|Tristan McGowan|19860514|Development|223895
12026|Lauren Squire|19560804|Operations|267997
12028|Elijah Wylde|19780517|Finance|247622
12030|Patrick Arkwookerum|19821002|Sales|84376
878|Andrew De Little|19891016|Finance|43751
880|Sebastian Bunce|19870610|Sales|210814
882|Scarlett Packer|19960608|Support|101148
886|Dakota Buddicom|19920928|Operations|66665
888|Isabelle Forwood|19930918|Finance|65611
890|Elizabeth Ronald|20361223|Sales|58959
892|Luke Gyles|19640414|Support|296957
894|Ben Sadler|19920630|Development|210662
896|Caitlin Allcot|19500804|Operations|209064
898|Nicholas Courtice|19821107|Finance|89124
900|Koby Butlin|19740423|Sales|102423
902|Sam Hugo|19540901|Support|164409
904|Caleb Kopsen|19871221|Development|209377
906|Jorja Galway|19540110|Operations|123557
910|Alicia Halley|19630301|Sales|143815
914|Marcus Cooke|19771217|Development|128416
916|Hannah Petersen|20380412|Operations|36753
918|Ben Trefl|19660304|Finance|92045
920|Austin Flower|19720916|Sales|262312
922|Angelina Ivory|19741226|Support|185365
926|Imogen Kirkwood|20430812|Operations|71468
932|Gabrielle Stevens|20450629|Support|184127
934|Isabel Wawn|19820619|Development|42508
936|Eden Ness|20490506|Operations|55076
938|Tristan Bushell|19890615|Finance|113145
12032|Caitlin Dumaresq|19810818|Support|205682
12034|Mariam MacAdie|20341126|Development|88880
19415|Leo Mahomet|19501002|Sales|202334
19417|Cody Singh|19660812|Marketing|257972
19419|Amy Tripp|19710610|HR|217579
19421|Jorja Prendiville|19880401|Admin|110102
19423|Lilly Fison|19980514|Sales|57029
19425|James Kemble|20420806|Sales|281514
19427|Jasper Wylly|20331128|Marketing|134862
19429|Abigail Chinner|19550907|HR|262758
19431|Joseph Speckman|19570125|Admin|209590
19433|Tahlia Bennelong|19581130|Sales|102269
19435|Tyler Vaux|19610902|Sales|87432
19439|Emma Biddell|19540411|HR|63233
19441|Emily Goldie|19770528|Admin|237443
19443|Mitchell Grout|19810217|Sales|56095
19445|Abby Kreitmayer|19760816|Sales|209804
19447|Jesse Parer|19820815|Marketing|48234
19449|Lucy Buntine|19840613|HR|88111
19451|Connor Auricht|19820609|Admin|229767
19453|Maya Moowattin|20410507|Sales|241786
19455|Lilian De Gruchy|19820925|Sales|134639
19457|Jade Icely|19570902|Marketing|191576
19459|Chelsea Drury|19970224|HR|54852
19461|Rachel Jardine|20481014|Admin|177205
19463|Gabrielle Thow|19771017|Sales|170249
19465|Aidan Annois|19511218|Sales|270364
19467|Sofia Purser|19580722|Marketing|153124
19469|Archer May|20351108|HR|265131
19471|Lucas Woodriff|19860112|Admin|114452
19473|Ben Norton|19850902|Sales|131896
19475|Zane Farnell|20380119|Sales|117497
19477|Ben Bunker|20401109|Marketing|165028
19479|Jade Strangways|20461231|HR|244000
19481|Rory O'Mahony|19610422|Admin|298584
19483|Lily Niven|19691106|Sales|251538
19485|Henry Spofforth|19720820|Sales|108060
19487|Toby McPherson|20450123|Marketing|242692
19489|Dean Leggo|20450311|HR|191579
19491|Zachary Osman|20480813|Admin|198987
19493|Bethany Courtney|20391001|Sales|66182
19495|Connor Langer|20390806|Sales|74999
19497|Brock Kemp|20411020|Marketing|286647
19499|Jasmine Knopwood|19630307|HR|185990
19503|Mitchell Wardell|20411027|Sales|182049
19505|Darcy Colebatch|19570204|Sales|66860
19507|Rebecca Prichard|19710830|Marketing|67848
19509|Kayla Wearing|20410222|HR|276849
19511|Archie Macdonell|19630818|Admin|285547
19513|Jonathan O'Reilly|20451115|Sales|248476
19519|Annabelle Bingle|19500628|HR|276236
19523|Max Taplin|19790723|Sales|126913
19525|Lara Geoghegan|19571031|Sales|152148
19527|Thomas Swanson|20430317|Marketing|221653
19530|Jessica Lynas|19700810|Sales|142997
19532|Layla Borovansky|20420317|Support|83887
19534|Hayden Zahel|19841012|Development|234130
19536|Ethan Grills|19640712|Operations|173699
19538|Amelia Courtney|19721005|Finance|112096
19540|Mason McIlwraith|19890914|Sales|183710
19542|Rebecca Allnutt|19820519|Support|199555
19544|Angus Haly|19530323|Development|163926
19546|Natasha Stanfield|19641129|Operations|100011
19548|Edward Phillips|20480122|Finance|274891
19550|Jackson Alleyne|20370201|Sales|207759
19552|Zane Ricketson|19860614|Support|209174
19554|Samuel Bochsa|20370204|Development|54808
19556|Hannah Carvosso|19650915|Operations|170492
19559|Jade Powers|19590522|HR|280926
19561|Summer Cavenagh|20470201|Admin|130022
19563|Mariam Tost|19671029|Sales|230082
19565|Jaxon Behan|19560108|Sales|250986
19567|Aiden Pumpkin|19650710|Marketing|98234
19571|Audrey Chase|20400808|Admin|75758
19574|Sara Roth|20471114|Development|116757
19576|Angus Durack|19520505|Operations|124836
19578|Annabelle Cockle|19930604|Finance|176499
19580|John Arida|20360629|Sales|234424
22582|Caitlin Morris|19660211|Support|32701
22584|Rose Brownbill|19630524|Development|163752
22586|Amber Banks|19891019|Operations|119726
22588|Lucy Dethridge|19700321|Finance|247600
22590|Holly Proctor|19911031|Sales|255038
22592|Jasper Hamlyn-Harris|19680807|Support|118279
22596|Charli Neil|20480729|Operations|37106
22598|Hamish Brennan|19950318|Finance|249893
22600|Evie Bolden|19910711|Sales|176384
22602|Hudson Byles|20480315|Support|100158
22604|Emma Mathew|20480719|Development|118699
22606|Alice Prinsep|20420421|Operations|111680
22608|William Bunker|19871119|Finance|136249
22610|Thomas Clarkson|19730131|Sales|282615
22612|Emma Finlay|19890916|Support|107618
22614|Charlie Wynn|20460108|Development|266590
22616|Tahlia Nixon-Smith|19971128|Operations|174878
22618|Piper Dietrich|19620115|Finance|248941
22623|Kiara Shakespeare|19670130|Sales|259173
22625|Justin Duncan|20390624|Sales|42455
22627|Callum Cochran|19901211|Marketing|57482
22629|Christopher Mathias|19810714|HR|163975
22631|Erin Milliner|20421010|Admin|171882
22633|Abby Sutherland|19560918|Sales|272930
22635|Darcy Radford|19730226|Sales|228836
22637|Tayla Burnett|19500902|Marketing|84781
22639|Brianna Whitworth|19890207|HR|25234
22641|Erin Drake-Brockman|19931102|Admin|93993
22643|Gabriel Wolff|20471006|Sales|226749
22645|Piper Ayers|19580225|Sales|29648
22647|Luca Disher|19740413|Marketing|157078
22649|Lara Finlay|19730727|HR|150699
22653|Archie Gibney|19691025|Sales|222639
22655|Kai Ledger|19821203|Sales|54856
22657|Alexander Waterworth|19841129|Marketing|122299
22659|Zac Hanslow|19520513|HR|68134
22661|Mary Repin|19750702|Admin|276990
22663|Ali Hammond|19881206|Sales|211661
22665|Claire Costello|19721231|Sales|114820
22667|Audrey Gellatly|19660618|Marketing|251396
22670|Declan Clay|20440611|Sales|76050
22672|Brayden Lesina|19800322|Support|27458
22674|Sophia Shortland|19500606|Development|295854
22676|Isaac Slater|19980831|Operations|166057
22678|Julian Smalley|19500106|Finance|154108
22682|Stephanie McDonell|20331129|Support|89545
22684|Isabella Treacy|19880312|Development|97613
22686|Christopher Cross|19650312|Operations|105960
22688|Nate Cary|19530322|Finance|200928
22690|Dylan Bowker|19910827|Sales|58408
22692|Zac Counsel|19660117|Support|93214
22694|Caitlin Debenham|19710420|Development|149240
22696|Keira Irving|19790417|Operations|263811
22698|Gabriel McConnel|19730403|Finance|49382
22700|Tahlia Dobie|19830509|Sales|208355
22702|Taylah Greenham|19771011|Support|236537
22704|Madison Kiddle|19650316|Development|223533
22706|Kaitlyn Frencham|19950405|Operations|119961
22708|Ashley Stradbroke|19670810|Finance|42594
22710|Matthew Forde|19980901|Sales|182788
22712|Aaron Were|20451001|Support|122928
22714|Chelsea Homburg|19870716|Development|169184
22716|Maya Backhouse|19870705|Operations|101592
22718|Blake Cuthbertson|20450222|Finance|100024
23180|Alicia Teece|20440805|Sales|130015
23182|Eliza Clint|19861025|Support|215999
23184|Mitchell Hollis|19630604|Development|154815
25855|Sara Fenner|19800903|Sales|114239
25857|Maddison Ainsworth|20481029|Marketing|195277
25859|Charlie Stenhouse|20400108|HR|197438
26288|Ben Cremin|19520525|Finance|218987
26290|Rebecca Treasure|19640629|Sales|225928
26296|Zoe Wunderlich|20341109|Operations|251400
26298|Jacob Bergin|19930126|Finance|256028
26300|Sarah Brookes|19760819|Sales|183513
26302|Aiden Schramm|19920729|Support|186591
26304|Kai Angwin|19950421|Development|228520
26306|Jeremy McClelland|19700924|Operations|244496
26308|Ali Starr|19550218|Finance|79891
26310|Christopher Ley|19511002|Sales|130764
26312|Brooke Lyle|19781120|Support|118189
26314|Eva Purdy|20480630|Development|93449
26316|Sara McIlwraith|20441013|Operations|218234
26319|Hayden Eleanor|19581215|HR|191561
26321|Tahlia Stonehouse|19910101|Admin|54031
26323|Tahlia Rodius|19710321|Sales|66434
26325|Thomas Philp|19970828|Sales|88236
26327|Riley Pankhurst|19700308|Marketing|147173
26329|Phoebe Lemberg|19980417|HR|149817
26331|Alexandra Broadhurst|19730505|Admin|139893
26333|Austin Fetherstonhaugh|20410521|Sales|225923
26335|Austin Craven|19770625|Sales|100918
26337|Lara McCourt|19891007|Marketing|81846
26339|Mason Gaunson|19520906|HR|191412
26341|Owen Fabinyi|20480607|Admin|52420
26343|Emma Cremin|19700117|Sales|181065
26345|Holly Heyer|19660705|Sales|218457
26347|Claire Willmore|19500606|Marketing|151670
26349|Kai Wallace|20401215|HR|255297
26351|Indiana Cash|20410823|Admin|50386
26353|Jade Maconochie|19791014|Sales|261983
26355|Jonathan Skinner|19780305|Sales|291600
26357|Caleb Matthias|19910623|Marketing|32889
26359|Jai Wetherspoon|19830516|HR|153328
26361|Zane Starling|20370806|Admin|289436
27103|Lauren Gollan|20410212|Sales|251727
27105|Nate Lemberg|19830918|Sales|36831
27107|Stella Bouton|19660923|Marketing|193332
27109|Annabelle Romilly|20430125|HR|268879
27111|Jasmine Duff|20410724|Admin|263247
27113|Hugo Vanthoff|19881109|Sales|68301
27115|Alexandra McKeown|19700106|Sales|42723
27117|Alannah Cockram|19980328|Marketing|188410
27119|Olivia Duhig|19630215|HR|235828
27121|Jack Meyer|19940806|Admin|75350
27123|Rory Nettlefold|19520615|Sales|151959
27125|Zara Ride|19610410|Sales|210618
27129|Alyssa McLucas|19560926|HR|164829
27131|Jade McGlinn|19500715|Admin|222198
27133|Kayla Preston|19740320|Sales|254832
27135|Jonathan Hirsch|19941005|Sales|56892
27137|Joseph Lothian|20440615|Marketing|81738
27139|Mikayla Cawthorn|19800508|HR|190158
27141|Kai Harrington|19981112|Admin|252124
27150|Archie Jeffcott|19690917|Sales|89851
27152|Charlotte Spedding|19800625|Support|246407
27155|Summer Handt|19890721|Sales|107993
27157|Ali Mackaness|19951128|Marketing|170858
27159|Alyssa Rede|19581112|HR|108699
27161|Sienna Uren|19661013|Admin|139810
27163|Eve Stretton|20410508|Sales|211977
27165|Charles Templeton|20460307|Sales|191504
27167|David Schulz|19671129|Marketing|237097
27169|Claire Builder|20460926|HR|87780
27171|Charlie Reveley|19821111|Admin|259092
27173|Jasper Turley|19500919|Sales|108626
27175|Mitchell Timms|19710614|Sales|46177
27177|Alica Hansman|19790504|Marketing|230066
27390|Jorja Tulloch|20350316|Sales|85894
27393|Natalie Renard|19560329|Sales|297910
27395|Makayla Waterhouse|19771120|Sales|30681
27397|Jaxon Challinor|19800830|Marketing|131538
27399|Luca Woolcock|19950323|HR|164897
27401|Alexis Clow|19880725|Admin|39227
27403|Erin Badger|20390723|Sales|76722
27407|Ruby Moynihan|19790910|Marketing|276273
27411|Kate Dakin|19940621|Admin|227878
27413|Laura McFarland|20470102|Sales|267465
27415|Brodie Owens|20440512|Sales|57242
27417|Charlie Mingay|20360508|Marketing|249619
27419|Amelia Lane-Poole|19560229|HR|136897
27421|Kayla Hernsheim|19690802|Admin|250350
27423|Sara Greenwood|19520725|Sales|208409
27425|Caleb Sheehy|19541011|Sales|146455
27427|Darcy Rawson|19501229|Marketing|277510
27429|Isabella Lorenzini|19810611|HR|52835
27525|Lily Norman|19630115|Sales|239008
27527|Evie Nixon|19720119|Marketing|115882
27529|Kiara Locke|19690420|HR|25186
27531|Alice Magnus|20390728|Admin|99135
27533|Dakota Graham|20430518|Sales|92538
27535|Isabel Lockyer|20471010|Sales|223809
27538|Lucas McBride|19791123|Finance|85837
27540|Samantha Coffill|19820903|Sales|206976
27542|Hamish Brownless|19730623|Support|52028
15379|Caitlyn Richmond|19970619|HR|28394
15381|Rachel Lackey|19791009|Admin|126349
15384|Claire Tarrant|19790102|Development|209587
15386|Sophia Hodges|19690724|Operations|166895
15388|Jett Allport|19730305|Finance|136244
15390|Sophia De La Condamine|19750313|Sales|150870
15392|Anthony Trompf|19900330|Support|216300
15394|Alica Fehon|19900828|Development|271368
15396|Phoebe Wallis|19810413|Operations|88095
15398|Lara Boucaut|19740325|Finance|269060
15402|Harry Kidman|19911231|Support|108615
15404|Luke Nicholson|19560821|Development|59011
15406|Summer Keane|19540816|Operations|119037
15410|Callum Mullens|19800427|Sales|220589
15412|Logan Enticknap|19930316|Support|122094
15414|Eden Raper|19860721|Development|197027
15418|Dakota Hogue|19640919|Finance|219891
15420|Sofia Rickard|19780924|Sales|122208
15424|Amy Cooch|19550504|Development|292108
15426|Jasper Marryat|19641223|Operations|261266
15428|Maya Blue|19550402|Finance|190487
15430|Alannah Scanlan|19950816|Sales|219340
15432|Jordan Hillary|19661221|Support|177105
15434|Dakota Thrower|19950225|Development|178663
15436|Mitchell Oldham|19800927|Operations|259278
15438|Oliver Menge|19640413|Finance|182761
15440|Bethany Luke|19630915|Sales|113715
15442|Hayden Larkin|19620812|Support|154875
15444|Madison Loftus|19560909|Development|146732
15446|Declan Coppel|20330706|Operations|205886
15448|Natasha Mackintosh|19680516|Finance|57710
15450|Flynn Kern|19850701|Sales|134932
15456|Dakota Prenzel|19861011|Operations|266246
15458|Connor Bancroft|19650918|Finance|223814
15460|Kate Florence|19680311|Sales|218618
15462|Gabriel MacPherson|19770804|Support|113517
15464|Mackenzie Supple|19661218|Development|79749
15466|Aiden Kennerley|19801010|Operations|184765
15470|Timothy Cockerill|19940508|Sales|29611
15472|Jessica Seton|19710303|Support|38714
15474|Isabelle Wardle|20390403|Development|106957
15476|Nate Holloway|19871222|Operations|59966
15478|Alana Drake-Brockman|20460801|Finance|242420
15482|Stella Challinor|19810201|Support|240492
15486|Sebastian McDonagh|19550708|Operations|199099
15488|Savannah Gregory|19710319|Finance|149930
15490|Jai Loyau|19580630|Sales|137035
15494|Thomas Dyring|20420519|Development|36773
15496|Alexandra Luker|19500605|Operations|122395
15498|Savannah Paltridge|19840109|Finance|92243
15500|Rose Sadlier|19570816|Sales|54804
15504|Will Wroblewski|20320914|Development|115297
15510|Sarah McDonagh|20351008|Sales|280177
15512|Sophie Grahamslaw|19911112|Support|85082
15514|Tayla Buvelot|20480226|Development|205692
15516|Declan Henley|19620824|Operations|262672
15518|Joel Idriess|19650711|Finance|284111
15521|Mary Plante|19640425|Admin|298302
15523|Benjamin Spaull|20450917|Sales|296771
15525|Samantha Leslie|19760312|Sales|257976
15531|Tahlia Andrade|19591125|Admin|57757
15533|Jackson Stephens|19660426|Sales|249011
15535|Madeline Chapman|19680531|Sales|107301
17074|Piper Burnage|19740716|Development|55342
17076|Taylah Whitfield|19570801|Operations|193875
17078|Jeremy Kirkhope|19610722|Finance|28233
17080|Erin Speckman|19891025|Sales|147529
17082|Madeline Chave|19940625|Support|173786
17084|Will Greenwood|19680712|Development|106354
17086|Jack Moses|19560112|Operations|126705
17088|Katie Abbott|19551001|Finance|210741
17090|Rose Fitzgerald|19560714|Sales|27849
17092|Caleb Bate|19771016|Support|157175
17094|Dominic Hughes|19911124|Development|235528
17096|Sophie Franki|20410603|Operations|202758
17098|Hayden Beeston|19910321|Finance|90586
17102|Emma Tindale|19830203|Support|70270
17104|Elijah Magrath|19611020|Development|289141
17106|Ruby Torode|19921112|Operations|190437
17109|Justin Laidley|20370305|HR|82673
17111|Aidan Moroney|20411123|Admin|250005
17210|Skye Saville|19691217|Sales|143519
17212|Elizabeth McRae|20470109|Support|245173
17214|Harry Farrow|19810419|Development|127909
17216|George Earl|20470720|Operations|265969
17218|Hayley Preiss|19710203|Finance|238402
17220|Claudia Duras|19720222|Sales|98605
17222|Alicia Warne-Smith|19960225|Support|251358
17224|Phoebe Gunn|19880818|Development|223117
17226|Oliver Levvy|19690417|Operations|216389
17228|Erin Kotai|19890417|Finance|72494
17230|Toby Upfield|19910506|Sales|112507
17232|Cody Farquharson|19840418|Support|134776
17235|Hudson Whittingham|20460513|Sales|111912
17237|Amelia Binney|19740409|Marketing|69056
17241|Sofia Blackwood|19590318|Admin|275832
17247|Hunter Bushby|19700318|Marketing|63200
17253|Sienna Gerstaecker|19740418|Sales|90950
17255|Charlotte Biddlecombe|19811204|Sales|115279
17257|Alice Towner|20320821|Marketing|280454
17260|Alexandra Houston|19781018|Sales|251635
17262|Mitchell Crick|19740727|Support|48777
17264|Harrison Stratton|19980525|Development|39622
17266|Adam Cummins|19530809|Operations|254570
17268|William Drew|20410630|Finance|28772
17270|Patrick Leggo|19960104|Sales|232563
17272|Flynn Burke-Gaffney|19701118|Support|180884
17275|Caitlin Kiek|19541209|Sales|51447
17277|Skye Beeston|19841008|Marketing|75223
17281|Aidan Summons|19850524|Admin|97129
17283|Edward Fraire|19720513|Sales|46346
17287|Logan Lindsay|20380805|Marketing|235117
17289|Eve McCloughry|19870726|HR|142822
17293|Beau Boothby|19540725|Sales|242944
17295|Bella Cribb|19801030|Sales|86886
17297|Amelia Hanger|20481125|Marketing|298726
17299|Amber Leak|19581024|HR|188413
17301|Aaron Woodger|20490616|Admin|180907
17303|Declan Willason|19860527|Sales|281700
17307|Benjamin Gellatly|20370121|Marketing|117992
17311|Scarlett Goble|19580605|Admin|219623
17313|Lola Florance|19790324|Sales|195023
17317|Brodie Howden|19960122|Marketing|261293
17319|Audrey Morrow|19760408|HR|216131
17321|Jack Poynton|20400213|Admin|213618
17325|Nate Gillespie|19900204|Sales|254798
17356|William Ligar|19730405|Operations|278681
17358|Zane Tyson|19790618|Finance|195375
17362|Jesse Schenk|19550713|Support|27479
17366|Joshua Bluett|19681104|Operations|293038
17368|Charlotte Holroyd|19740909|Finance|72041
17370|Chelsea Winterbotham|19620406|Sales|296906
17376|Kai Toll|19951203|Operations|38919
17378|Tahlia Handt|19651223|Finance|205060
17380|Eden Truman|19650716|Sales|38243
17382|Claire Colebatch|19871206|Support|253778
17384|Jaxon Keats|19820307|Development|77082
17386|Julian Teakle|20410303|Operations|127057
17388|Nicholas Sellwood|19920427|Finance|154357
17390|Ryan McNeil|20390111|Sales|42192
17394|Jonathan Heyer|19821114|Development|36532
17396|Audrey Geach|19880829|Operations|119951
17398|Skye Serisier|20480819|Finance|187475
17400|Zac Bromley|19970715|Sales|66940
17405|Nate Kirton|19730408|Sales|160334
17407|Amber Takasuka|19791016|Marketing|134380
17409|Luke Hills|19890111|HR|112233
17411|Aidan Liebe|19550804|Admin|298190
17413|Oscar Robe|19600911|Sales|267820
17415|Julian Chidley|19700717|Sales|51757
17417|Imogen Gyles|20450112|Marketing|94825
17419|Isla Bagot|19840330|HR|257824
17421|Caitlyn Wemyss|19891022|Admin|260974
17423|Phoebe Beardsmore|19860708|Sales|77573
17425|Alex Riordan|20400412|Sales|197585
17427|Poppy Keats|19850319|Marketing|166254
17429|Lachlan Evergood|19810602|HR|278576
17431|Samuel Bowes|20490224|Admin|293304
17433|Mitchell McGarry|20460331|Sales|150946
17435|Isabella Pittman|19981122|Sales|31251
17439|Keira Coppel|19621024|HR|226601
17441|Ruby Burnage|19781014|Admin|227925
17443|Claudia Minahan|19631228|Sales|49353
17445|Hugo Collett|19771128|Sales|89142
17447|Seth Forrest|19571229|Marketing|277189
17449|Imogen Parkin|20470315|HR|59590
17452|Isabel Blyth|19870318|Support|189895
17454|Owen Angus|19720911|Development|194905
17456|Sienna Brown|19830407|Operations|71001
17458|Jai Narelle|19610702|Finance|216243
17460|Abby Tullipan|19920608|Sales|41919
17462|Marcus Glasfurd|19500615|Support|199946
17464|Logan Craven|19730312|Development|275858
17466|Justin Fiaschi|19971207|Operations|170176
17470|Ava Rusden|19760904|Sales|159932
17474|Nicholas Bennett|19630928|Development|80957
17478|Rachel Broinowski|19861121|Finance|30404
17480|Oscar O'Hara|20470504|Sales|74527
17482|Ryder Moseley|19950307|Support|215322
17484|Harry D'Arcy|20470103|Development|182438
17486|Savannah Eggleston|19800601|Operations|281556
17489|Phoebe Nina|19640126|HR|74507
17491|Levi Wiltshire|20340415|Admin|154199
17493|Gabrielle Ramaciotti|19790324|Sales|263453
17495|Julian Jasprizza|19510902|Sales|71611
17497|Scarlett Bryan|20440127|Marketing|244626
17499|Amber Phillip|19700708|HR|164160
17501|Taylah Refshauge|19540122|Admin|292495
17503|Hugo Builder|19790708|Sales|199365
17505|Leo Loewenthal|19900723|Sales|164190
17509|Dakota Bacon|19721005|HR|260030
17511|Abigail Jorgensen|19950918|Admin|278684
17513|Jayden Chave|20450921|Sales|55982
17515|Abby Kenny|19750510|Sales|178711
17519|Natasha Loader|19530103|HR|106335
17521|Anthony Forrest|19800908|Admin|288722
17526|Phoebe Canning|19721005|Operations|154541
17528|Rory Scratchley|20371203|Finance|78371
17530|Xavier Du Rieu|19740605|Sales|236845
17532|Madeline Bath|19781127|Support|206336
17113|Aiden Holtze|19870723|Sales|51624
17115|Charlie Newling|19740208|Sales|129153
17119|Noah Mandalis|19720625|HR|199136
17125|Tyler Wollstonecraft|19571028|Sales|244679
17127|Michael Gormanston|19790821|Marketing|196934
17131|Charli Bunton|19800820|Admin|229758
17135|Tyler Todd|19940629|Sales|39781
17137|Jai Macdermott|20351127|Marketing|266378
17139|Jacob Ironside|19511116|HR|127100
17141|Timothy Tiegs|19770910|Admin|113908
17143|Oliver Fennescey|19530808|Sales|49693
17145|Caitlin Freehill|19711013|Sales|261132
17147|Amy Kellermann|19890724|Marketing|68812
17149|Caleb Baldwin|19680107|HR|280146
17153|Makayla Murakami|20460317|Sales|269705
17155|Aaron Reynell|19530709|Sales|273212
17157|Emily Boyle|19680101|Marketing|173551
17161|Bailey Hoffnung|19550422|Admin|188514
17163|Emily Bellasis|19600307|Sales|82638
17165|Timothy Bate|19721114|Sales|177554
17167|Riley Delprat|19551226|Marketing|198780
17169|Kaitlyn Welsby|19661007|HR|150926
17171|Natasha Tipper|19700328|Admin|174589
17173|Caitlin Hamilton|19601129|Sales|101984
17175|Patrick Hanran|19831109|Sales|95955
17177|Ava Sprent|20420303|Marketing|123255
17179|Oliver Mackerras|19931118|HR|189668
17181|Paige Real|19560205|Admin|131400
17183|David Vanthoff|20380430|Sales|223548
17185|Jayden Cockburn-Campbell|19920413|Sales|97778
17187|Taylah Eatock|19800224|Marketing|262293
17194|Tristan Roach|20400708|Development|57029
17196|Toby Humble|19960507|Operations|178680
17198|Abbey Ewart|19841006|Finance|115459
17202|Hayley Stonor|19690814|Support|128118
17204|Samuel Spargo|19780518|Development|179490
17206|Sam Kirby|19840116|Operations|279266
17208|Jaxon Allnutt|19691027|Finance|168981
13549|Emma Hollinworth|19600702|HR|230831
13551|Charlie Ruth|20460404|Admin|173711
13553|Georgia Tinline|19890828|Sales|59534
13555|Ella Pinner|19890923|Sales|188854
13557|Koby Wylde|19570923|Marketing|254627
13559|Mitchell Lionel|19560116|HR|243177
13563|Lauren Bonython|19630710|Sales|145336
13567|Jai Kroemer|20360929|Marketing|230735
13569|George Bloodsworth|20430526|HR|252897
13798|Jonathan Macfarlane|19541001|Finance|204534
13800|Alannah Gatenby|19940602|Sales|68226
13802|Angus Winn|19870126|Support|163973
13804|Evie Gunn|20490101|Development|167276
13806|Alyssa Purser|20410629|Operations|54322
13808|Seth Deering|20451024|Finance|204297
13810|Anna Dettmann|19750311|Sales|112435
13812|Ruby Gregson|19810914|Support|283320
13814|Michael Threlkeld|20400726|Development|122579
13816|Paige McKerihan|20391125|Operations|227408
13818|Matilda Cambridge|20380823|Finance|89805
13820|Flynn Wild|19940405|Sales|77079
13822|Olivia Trollope|19690113|Support|121482
13824|Harry Massy-Greene|19740604|Development|28537
13826|Tyler Winning|19840710|Operations|277075
13828|George Ricketson|19761002|Finance|298407
13830|Lilly Petherick|19740831|Sales|280781
13832|Isaac Miles|19561107|Support|204367
13834|Savannah Teakle|20460828|Development|152811
13836|Charlotte Frodsham|19530701|Operations|141622
13839|Sarah Shea|19580226|HR|49078
13841|Ashton Reginald|19870606|Admin|150128
13843|Joseph Unaipon|19740904|Sales|201536
13845|Julian Salomons|19550206|Sales|147924
13849|Joshua Bluett|19791204|HR|208086
13851|Zachary Knopwood|19750602|Admin|78369
13853|Lucinda Jolly|20340913|Sales|38265
13855|Anthony Breen|19500714|Sales|121732
13857|Erin Macrossan|20430922|Marketing|45117
13859|Chloe Isaac|19660331|HR|82661
13863|Callum McArthur|19790610|Sales|128487
13865|George Brisbane|19600724|Sales|281518
13867|Alyssa Lassetter|19590101|Marketing|139181
13869|Mariam McIlveen|19640620|HR|262229
2984|Joel Cardell-Oliver|19591201|Development|57945
2987|Hudson Silas|19791225|Marketing|160723
2989|Nate Farrell|19940507|HR|128845
2991|Ruby Ellen|19841226|Admin|185213
2993|Eliza Conacher|20461012|Sales|246614
2995|Lucas Kent|19510913|Sales|154608
2997|Ali Kornweibel|19771016|Marketing|107088
3000|Christopher O'Malley|19620727|Sales|180264
3002|Claire Hirst|19620121|Support|180197
3004|Charlie Sievier|20321113|Development|275972
3008|Alica Bolliger|20430721|Finance|282803
3012|Nicholas Montagu|19910208|Support|147057
3014|Jacob Hardwicke|19970201|Development|230239
3017|Sofia Roberts|19830819|Marketing|155493
3019|Gabriel Grahamslaw|19931124|HR|238902
3025|Jai Wunderlich|19890605|Sales|42666
3029|Oliver Souter|20321123|HR|97250
3033|Erin Brookman|19640904|Sales|267256
3035|Caitlyn McIlveen|19951216|Sales|270464
3037|Jonathan Kleeman|19881115|Marketing|133272
3039|Jordan Board|19570122|HR|101822
3041|Imogen Marie|19930220|Admin|113620
3043|Jaxon Budd|19691019|Sales|121595
3045|Darcy Lillico|19540822|Sales|177239
3047|Grace Cutlack|19620528|Marketing|264009
3049|Caitlin Fuller|19740506|HR|74439
3055|Oliver Vial|19850131|Sales|261958
3057|Brock Train|19500607|Marketing|215922
3059|Logan Glyde|19930206|HR|265838
3061|Nathan Ida|19740619|Admin|236761
3065|Max Vlamingh|20390523|Sales|190637
3067|Caitlin Stirling|19820201|Marketing|122750
3069|Tyson Neale|19921104|HR|212803